path,kontras0,dissimilarity0,homogenitas0,entropi0,asm0,energi0,correlation0,kontras45,dissimilarity45,homogenitas45,entropi45,asm45,energi45,correlation45,kontras90,dissimilarity90,homogenitas90,entropi90,asm90,energi90,correlation90,kontras135,dissimilarity135,homogenitas135,entropi135,asm135,energi135,correlation135
rotten_peaches,750.3566350710901,17.238941548183252,0.08825435527478967,8.27586749954296,0.00026984768735852495,0.00026984768735852495,0.8405845166992887,827.40619029423,18.559419182269774,0.08098680315290291,8.331175720847083,0.00025493930298192837,0.00025493930298192837,0.8270043476398089,372.37309120924476,12.679323153115975,0.10080283007662154,8.208135103471518,0.0002890513579707743,0.0002890513579707743,0.9188598320807772,800.7913779830637,18.27790608160123,0.07579378031148118,8.317391709491787,0.00025860776424809515,0.00025860776424809515,0.8304784721793825
rotten_peaches,436.6625789669268,12.881828316610925,0.11789328091332787,8.258537418643847,0.00027487471140226705,0.00027487471140226705,0.8940807619711101,547.9816638370119,15.407809847198642,0.09107905820147874,8.402340220013043,0.00023803690177302622,0.00023803690177302622,0.8634710339166966,310.7655663915979,11.724306076519131,0.10893690301455873,8.262727576509967,0.0002737931294526558,0.0002737931294526558,0.9228457996212159,472.40303134688264,14.228728901136755,0.09909617742334402,8.354575713309394,0.0002497802112131974,0.0002497802112131974,0.8830356610210252
rotten_peaches,1214.7028738431566,21.05065757428154,0.0794172160080496,8.785960338242518,0.00016172144455418977,0.00016172144455418977,0.8466789223503155,1117.8619289340102,19.5994923857868,0.08729762279782269,8.74812979177253,0.00016790564044422688,0.00016790564044422688,0.8604997970479639,669.8423970432946,15.653907074973601,0.10482924006922721,8.673816859656746,0.00018130254045175726,0.00018130254045175726,0.9140092209895192,1536.9062500000002,24.371634615384615,0.08115094998415147,8.820139598831307,0.000155961076183432,0.000155961076183432,0.8060383497176475
rotten_peaches,1021.542772861357,20.577187807276303,0.06924333575932015,8.438976680922732,0.0002294652010543797,0.0002294652010543797,0.7598449893933374,1482.1354098360653,24.00163934426229,0.062357183507030296,8.461738576375637,0.00022407954850846553,0.00022407954850846553,0.662782038215286,1008.9531872509959,20.70750332005312,0.0668919662273016,8.42896341409858,0.0002317533760487047,0.0002317533760487047,0.7577652386210928,1298.1489155066363,23.807704758821625,0.05995867808614786,8.468679435709353,0.0002225966867677903,0.0002225966867677903,0.6965299692860001
rotten_peaches,458.5299191374663,13.434501347708895,0.11080179747886418,7.856706499017877,0.00041034284842452476,0.00041034284842452476,0.7847832482533855,670.5232443125618,16.84371909000989,0.08904540177676247,7.986183013413978,0.00036101400910459717,0.00036101400910459717,0.690821905026711,602.7673216132368,15.366080661840744,0.10037958818723447,7.923596088358941,0.00038418802916086067,0.00038418802916086067,0.7179009783992819,797.8933397683397,18.25530888030888,0.08970863366024738,8.005256736660076,0.00035416604552704947,0.00035416604552704947,0.627497779492152
rotten_peaches,440.9508038585209,13.984887459807075,0.09731646662777153,8.438207391885326,0.00022973294320778321,0.00022973294320778321,0.9115308749771748,564.5924916742356,16.343627005752346,0.08473520831063189,8.529848810985715,0.00020944454664605037,0.00020944454664605037,0.8849328530447672,545.8178230845116,15.294968760276225,0.101045116077436,8.423384801650105,0.00023313952979130663,0.00023313952979130663,0.894035055144755,770.6849397590362,18.151807228915665,0.08199763168801921,8.525069825145271,0.00021052583829293077,0.00021052583829293077,0.8456190982405075
rotten_peaches,871.8267716535433,19.188320209973753,0.07840645698892246,8.459096472533458,0.00022469662994881545,0.00022469662994881545,0.8339942333591612,1418.293970634177,23.594814120587312,0.06990631681774612,8.518375343423873,0.00021163528540411408,0.00021163528540411408,0.7344696020380821,1210.9318835944996,21.261912376079312,0.07778076436052295,8.486061521182503,0.00021870237138413702,0.00021870237138413702,0.7735659274277836,1331.3306122448982,22.789324960753532,0.07250804673275053,8.517569342725674,0.0002117460919882988,0.0002117460919882988,0.7507235051307543
rotten_peaches,710.7847919655667,17.94691535150646,0.07239951322662756,8.20793752028479,0.00028417661170450847,0.00028417661170450847,0.9101693219042473,1133.7241860465117,22.71581395348837,0.057192499991652455,8.249663660117605,0.0002717144402379665,0.0002717144402379665,0.8606301792535268,989.8934081346424,20.748948106591865,0.06623271017618373,8.225463110935191,0.0002795432276773586,0.0002795432276773586,0.8755010514583175,1217.5262664165105,23.104127579737337,0.06438372863421517,8.23897053240997,0.0002747818465340087,0.0002747818465340087,0.8487899410532347
rotten_peaches,727.7511111111112,18.173737373737374,0.07680798227400973,8.310261050337022,0.0002594021018263443,0.0002594021018263443,0.8827015361581299,881.7067578439259,20.70997586484312,0.059493932149411885,8.343727652671998,0.00024983026428288034,0.00024983026428288034,0.861529306307316,613.6309378806334,18.04263093788063,0.0671519328726655,8.31400995838223,0.0002581445342345644,0.0002581445342345644,0.8976416915477862,967.9530571992111,21.65404339250493,0.059486892544059464,8.356100358692384,0.00024703461207785285,0.00024703461207785285,0.8461524025981062
rotten_peaches,460.8169503299757,15.556790552275096,0.07964046535199196,8.406992342827355,0.0002366491684221816,0.0002366491684221816,0.8777757716962898,547.0394470667566,17.371881321645315,0.06711598126283654,8.476620345062695,0.00022001428643529794,0.00022001428643529794,0.8556732653002028,365.6213626685593,13.832860184528034,0.08994029668536649,8.375216388236534,0.0002444238372300949,0.0002444238372300949,0.9010680729311074,548.106218487395,16.851764705882353,0.07367453861621924,8.458621830909816,0.00022444742602923523,0.00022444742602923523,0.8553095588019896
rotten_peaches,476.60600887674974,15.711505633321954,0.08166401989590612,8.417141976970656,0.0002343502030122015,0.0002343502030122015,0.8757935958668204,561.2382372432074,16.846587143803845,0.07923248055399902,8.46594993144373,0.00022292795030128484,0.00022292795030128484,0.8550592941716716,379.8491093258819,14.09919664687391,0.08883263403145977,8.384519926782609,0.00024222959070824122,0.00024222959070824122,0.8981739873359295,568.0793597865955,17.612537512504165,0.06922355839867958,8.476144670665956,0.00022036911047708353,0.00022036911047708353,0.8528737213554838
rotten_peaches,368.82083773319255,12.45054558254136,0.11533671148012112,8.343499282170525,0.00025256213976443143,0.00025256213976443143,0.9501017540516247,511.7182774490468,15.44214332675871,0.09251811242735222,8.4600384078885,0.000224449207911505,0.000224449207911505,0.9298056433411661,421.38181187087815,13.81916001388407,0.10218625999897679,8.396794019493715,0.00023921222732908436,0.00023921222732908436,0.9409948026863121,573.0766182298547,15.721928665785997,0.09180575552091184,8.45013362139445,0.00022674762542121182,0.00022674762542121182,0.9220465711622444
rotten_peaches,820.0258620689655,18.49655172413793,0.07634055806608572,8.215702959856078,0.00028602482164090365,0.00028602482164090365,0.8307309580947598,1014.7260390161152,20.70568278201866,0.0656223642263518,8.254417156275942,0.00027454226170307204,0.00027454226170307204,0.7944964901810647,528.5175992779783,15.303700361010831,0.08774443534425974,8.169206408812009,0.000299654465717004,0.000299654465717004,0.8864876266161559,828.4974160206718,19.003014642549527,0.0710180448551456,8.23138711448119,0.00028117374831314296,0.00028117374831314296,0.8271970695324353
rotten_peaches,322.43558636626227,11.049104563835932,0.1085669299678128,7.929764761659083,0.0003804614997992564,0.0003804614997992564,0.9476187661492015,536.196802646086,13.277287761852259,0.11703256740083477,7.971756247745917,0.0003649794748428552,0.0003649794748428552,0.912168201498963,270.4481743227326,9.52002355712603,0.1588385073368606,7.860115954068053,0.00040926691278175245,0.00040926691278175245,0.955806899259039,359.897191011236,12.119662921348315,0.10188392390687474,7.964509358808835,0.0003672200479737408,0.0003672200479737408,0.941469425383779
rotten_peaches,1081.2672605790647,21.018708240534522,0.08870442160837953,8.15581422464709,0.0003042643637680369,0.0003042643637680369,0.7941497712694965,1168.8712955122778,22.287044877222694,0.08256439319908954,8.198646873735765,0.0002916270242715418,0.0002916270242715418,0.7740457471879957,613.0263279445728,16.187528868360275,0.09273750617951383,8.093822826248807,0.00032407234557760723,0.00032407234557760723,0.8839068236915203,1314.1264367816093,23.395913154533844,0.07730339686274779,8.189613614634187,0.000294320146739616,0.000294320146739616,0.7444477987282654
rotten_peaches,512.932969602494,15.295401402961808,0.08969886098408356,8.291762017590045,0.0002655536851288114,0.0002655536851288114,0.8896838620298414,729.3762449280707,18.386204352637407,0.08205102489126888,8.346887061231453,0.00025130889482457425,0.00025130889482457425,0.8409662853390807,366.3643659711076,12.67736757624398,0.1073050737374224,8.215256089391294,0.00028711459334396553,0.00028711459334396553,0.9215109620554189,635.6943215339234,17.339601769911507,0.08098931021808199,8.344792682755916,0.0002518713942621453,0.0002518713942621453,0.8621585547383978
rotten_peaches,1425.6691729323309,26.045112781954888,0.06212253561633187,7.958958666902339,0.00036274897770742644,0.00036274897770742644,0.7482274342165749,2267.1450933172787,32.532209512341964,0.051304277339284866,8.00566473062011,0.00034560612645305905,0.00034560612645305905,0.6129109549905427,1989.3646986469867,29.097785977859782,0.062400493821846995,7.970222071237548,0.00035932093638279557,0.00035932093638279557,0.6518834090207033,2535.2755905511813,34.064203513022406,0.0516965962141219,8.00488196131235,0.0003454030576700206,0.0003454030576700206,0.5647414456386487
rotten_peaches,850.672869147659,20.215486194477794,0.06204012515737247,8.601648502860499,0.00019397014508084143,0.00019397014508084143,0.8443308909595917,1299.3493090267568,24.40311673037342,0.051214140633004966,8.645825722782021,0.00018501226052043253,0.00018501226052043253,0.7672451545070207,1174.883762732175,22.248052726183342,0.06043613910709367,8.625200485666007,0.00018892065189022965,0.00018892065189022965,0.7874628467623846,1407.3666666666666,25.056140350877193,0.05108651447263996,8.655026794720424,0.0001832187681679833,0.0001832187681679833,0.7487768265433239
rotten_peaches,606.4205729166665,17.56640625,0.08353841449086058,7.865371385345439,0.00040287441677517357,0.00040287441677517357,0.7962841369887242,649.4835913312694,17.790712074303407,0.08108338914076393,7.922294281575179,0.0003801435842383231,0.0003801435842383231,0.7836878594205251,433.3278894472362,14.481155778894474,0.10005885831278905,7.8625645687472545,0.00040620028534632963,0.00040620028534632963,0.8558406631268841,686.919483712354,18.60479409956976,0.08613563782708591,7.926175763235517,0.00037890106602284963,0.00037890106602284963,0.7754003374119052
rotten_peaches,973.161094224924,21.574468085106385,0.0797857292623031,8.250616938095243,0.000274896777014406,0.000274896777014406,0.6776928768932644,1096.7678795483062,23.234629861982434,0.06316068022628248,8.301574065822383,0.0002607190879082492,0.0002607190879082492,0.6443776084097369,695.285776997366,18.5684811237928,0.07632043599639379,8.234330333052846,0.0002796146828733983,0.0002796146828733983,0.7713798701298289,1054.6929530201344,22.785234899328856,0.06460557085260216,8.284765427354193,0.0002656834151614792,0.0002656834151614792,0.6622766654150389
rotten_peaches,327.9169986719787,12.242363877822044,0.10791318991351728,7.807386211345456,0.000429225991121834,0.000429225991121834,0.8980521715302469,433.8288736776603,14.621655258245177,0.08629509470478726,7.897132289563631,0.00039110162485299805,0.00039110162485299805,0.8661339590688775,222.66076115485563,10.593832020997375,0.11940925550449005,7.778002048065927,0.0004436883873767748,0.0004436883873767748,0.9313281737621073,351.9483747609943,12.518164435946462,0.11597700781156567,7.817199438266353,0.0004263208329321977,0.0004263208329321977,0.8943170325077128
rotten_peaches,716.5347620234239,18.468975828557188,0.07311728769402072,8.670554040635729,0.00018209570453464564,0.00018209570453464564,0.7840335258140648,913.90292867265,20.909541804440245,0.0670205588206237,8.733655901895368,0.00017097348789708522,0.00017097348789708522,0.725130289655233,606.8230827638573,17.025056947608203,0.0743661571052843,8.639788631141041,0.00018772740046844413,0.00018772740046844413,0.8152958663953609,869.8839476813317,20.389536266349584,0.06645173186117653,8.727279797092393,0.0001720673961268576,0.0001720673961268576,0.7383992668211775
rotten_peaches,2370.9208121827414,29.79526226734348,0.05898321649389847,8.532401322581922,0.00020630953301210202,0.00020630953301210202,0.673058792034712,2924.709313567516,34.52626490493071,0.050796574168759615,8.598127132072854,0.00019255117743383288,0.00019255117743383288,0.6121420732235721,1634.8885501355012,25.87093495934959,0.059368374512036366,8.516673137893601,0.0002101143132027526,0.0002101143132027526,0.7733243435623444,2942.1136437642463,35.380332139368285,0.04625832827331512,8.591544040601583,0.0001936689703713514,0.0001936689703713514,0.6093491407305611
rotten_peaches,1303.0400575677618,23.838330534900457,0.06603327612500474,8.77037343622688,0.00016460918609013828,0.00016460918609013828,0.7927469982712615,1661.384280476627,27.32057745187901,0.055233129062312245,8.846048516865649,0.00015230122130824569,0.00015230122130824569,0.7308687221751953,1314.3766172665255,24.607621736062104,0.05708000549937385,8.808365729049736,0.0001582922827573304,0.0001582922827573304,0.7907992521052573,1680.9323394495416,27.43463302752294,0.055998129904155855,8.842060492197813,0.00015294903627640773,0.00015294903627640773,0.7301324511497075
rotten_peaches,1079.7215143793228,24.0251183108846,0.04971170009038694,8.419641987796258,0.00023237449093951515,0.00023237449093951515,0.5721102865739188,1347.9628427128428,25.846681096681095,0.050621065911685165,8.430431188335266,0.00022982869303215625,0.00022982869303215625,0.4830624405808078,901.3013442867812,20.91150112023898,0.059558870759312064,8.353543219080358,0.00024931382922058475,0.00024931382922058475,0.6469500385740683,1154.1471428571429,25.059285714285714,0.04855233475906991,8.429756746925344,0.00023029336734693877,0.00023029336734693877,0.5540103150369982
rotten_peaches,548.5067796610169,14.076271186440676,0.11036666706127721,8.232529006302975,0.00028125897730537204,0.00028125897730537204,0.920836603111279,1055.7164609053498,18.653909465020575,0.1052358936775012,8.270010224100517,0.00027070737861775815,0.00027070737861775815,0.8528205066898606,867.5483071841454,17.39801816680429,0.10200281010963365,8.269424213127664,0.00027079394021633515,0.00027079394021633515,0.8780109596874778,1065.4438714795715,20.23958746529155,0.07793345603823434,8.356464289404204,0.0002467177336710388,0.0002467177336710388,0.8517005745646561
rotten_peaches,448.1697621375041,14.815575105897686,0.08893864581677727,8.434967427205667,0.00023044432277239012,0.00023044432277239012,0.8596545209651137,664.8944343617665,18.57320024198427,0.0689071478020781,8.537078177170436,0.00020787517534893207,0.00020787517534893207,0.796295161347355,606.6785930867193,18.082474226804127,0.07107632365574434,8.546425922648508,0.00020580494049538816,0.00020580494049538816,0.8089644491627455,747.0281065088756,20.092011834319525,0.06545896355005452,8.583149142272696,0.0001982160988760898,0.0001982160988760898,0.7696436039322753
rotten_peaches,905.7870062753784,18.32890365448505,0.08156902301494079,8.344940026627075,0.0002518163686362712,0.0002518163686362712,0.8276409674741846,1068.2173601147779,20.63629842180775,0.07148935593940611,8.396006619155385,0.00023890561928659212,0.00023890561928659212,0.7974759985358859,475.25578747628083,14.75028462998102,0.08461867053358084,8.303575035567036,0.00026263011784869426,0.00026263011784869426,0.9065916251559745,1013.6412459720731,20.687432867884,0.07347059129931274,8.390020842403086,0.00024048664446651898,0.00024048664446651898,0.8082219300932996
rotten_peaches,671.3705386112913,18.033095392602206,0.0747527082997011,8.51979649204851,0.00021060723524549187,0.00021060723524549187,0.8869645269116007,917.4418825015792,21.705938092229943,0.05590698756644513,8.576691138400815,0.00019818315974889548,0.00019818315974889548,0.847075169337989,683.8547175971271,19.051583414952663,0.06256082379787307,8.5369968576658,0.0002064065656153841,0.0002064065656153841,0.8809182679605513,958.7335640138408,22.226486316451712,0.057633958051511114,8.584781954618443,0.00019646664801775492,0.00019646664801775492,0.8419830201304079
rotten_peaches,376.01869158878503,13.738317757009344,0.09133147724399254,7.719075429025597,0.00047147866046584586,0.00047147866046584586,0.7317081943208263,445.24692954104717,14.851325145442793,0.08279477995760268,7.742397248451406,0.00046067852828566165,0.00046067852828566165,0.6863741015950241,275.8660084626234,11.528913963328632,0.10756099863630758,7.629972593387727,0.0005154859642596399,0.0005154859642596399,0.7998425478746171,438.01428571428573,14.816883116883117,0.08505037530372109,7.756326194887226,0.00045412379827964244,0.00045412379827964244,0.6845663288551169
rotten_peaches,720.6837860780985,17.382427843803057,0.10034404851932388,8.239273347081827,0.000279152170090597,0.000279152170090597,0.8645071843130847,930.117210070161,19.85802723895997,0.08143198515974372,8.287662514200228,0.000265375377559497,0.000265375377559497,0.8266277281021721,627.2149122807017,15.77719298245614,0.10171441505488185,8.19585291384957,0.0002918205601723607,0.0002918205601723607,0.8755466495570678,993.8006658343737,20.604660840615896,0.08689872442903901,8.277435587620342,0.000268165971617182,0.000268165971617182,0.8128092364097589
rotten_peaches,839.9818569903948,19.32372821060121,0.07254643097734204,8.368132201838321,0.00024621218592759726,0.00024621218592759726,0.7999341094143806,1034.6373397990994,22.109456182888813,0.06721891819645015,8.408543001736888,0.0002362992903582571,0.0002362992903582571,0.7555704906268093,721.8523985239852,18.6619926199262,0.07463560251422284,8.344123418007321,0.0002520390517558312,0.0002520390517558312,0.8268765700189731,1064.3277950848046,22.419176185531327,0.06349634989714469,8.41948728311495,0.00023357596718362502,0.00023357596718362502,0.7471456465780542
rotten_peaches,1535.3727008712488,27.03323652791223,0.061491206797645526,8.553047525812051,0.00020299254430615544,0.00020299254430615544,0.7506328716189885,1759.1715732826847,29.483697372586256,0.05558507131467595,8.578694010510457,0.00019765953078182687,0.00019765953078182687,0.7189539797668326,1497.0260450160772,26.29935691318328,0.06876102670432253,8.549868722258488,0.00020383370726109122,0.00020383370726109122,0.7578089589805772,1857.9675469296849,30.01272669424117,0.05186914834535647,8.567886478288965,0.00019998078645746918,0.00019998078645746918,0.705459222534442
rotten_peaches,665.2517204870303,16.88062466913711,0.08509859061888342,8.63416117720711,0.000188849321571686,0.000188849321571686,0.8629732595715754,872.8126293995861,19.259834368530022,0.0722703699629664,8.670431329561922,0.00018207700534530135,0.00018207700534530135,0.8203793058774022,491.2689425478768,14.923119622536777,0.0920872754004119,8.58024704100545,0.00019932043862975693,0.00019932043862975693,0.9004930001668949,795.9385194479296,19.357841907151816,0.07284312018123995,8.713834218492437,0.00017427334940153553,0.00017427334940153553,0.836691287841884
rotten_peaches,1433.1960259839511,25.2319449751624,0.05423824642399237,8.425467045371093,0.0002289489273056493,0.0002289489273056493,0.8018164082700789,1572.8207440811725,28.19541525742202,0.047328993251642325,8.45353033075935,0.0002220756311219967,0.0002220756311219967,0.7832080514373282,1034.274456521739,22.73253105590062,0.05756434904678445,8.404259385456033,0.00023410977103506804,0.00023410977103506804,0.8485420115346709,1769.7186212064444,28.778943424503563,0.04583494617954005,8.44366525030933,0.00022488752465234734,0.00022488752465234734,0.7578065411427602
rotten_peaches,405.7377450980392,15.133986928104575,0.07177771299868377,8.178198218077448,0.0002979456352257679,0.0002979456352257679,0.7097309469344112,488.6951464099478,16.48656237464902,0.06270565714704132,8.217445345576476,0.0002864820534801897,0.0002864820534801897,0.6559917377175473,452.9826661163847,15.359059017746597,0.0790399446778477,8.181244540131594,0.00029705690530408395,0.00029705690530408395,0.6835872993241521,508.357001190004,16.527568425228083,0.07207801931576516,8.200568037370292,0.0002913251810535256,0.0002913251810535256,0.6471165894838844
rotten_peaches,803.915320683707,20.509330406147093,0.059033309524386346,9.123059129794646,0.00011579661295030072,0.00011579661295030072,0.8533431442635027,1292.4833906071021,26.68270332187858,0.04299057028576462,9.238840813571274,0.00010316494976572207,0.00010316494976572207,0.7602356626910871,1216.6515085895771,25.774361195322655,0.046547229452787275,9.22773018736747,0.00010431748076503818,0.00010431748076503818,0.7762236649232022,1266.762889600932,26.311972036120007,0.046993106981232706,9.222200572577396,0.00010489594449581175,0.00010489594449581175,0.7669195408935774
rotten_peaches,1294.2005799903336,21.591106814886416,0.08782682416981852,8.789451783497043,0.0001612154941609681,0.0001612154941609681,0.8452622581443507,1856.4203031694997,26.252181901699583,0.07560956410711792,8.865358690069918,0.00014907173568241413,0.00014907173568241413,0.7757234740157166,1229.940291490362,21.297602256699577,0.08055379724088785,8.813476673563061,0.00015743361871423204,0.00015743361871423204,0.8506990714162918,1588.3707490553456,25.170037786174706,0.06593925006665177,8.895842833486629,0.00014463217505893112,0.00014463217505893112,0.8111298388569018
rotten_peaches,632.7380250552691,17.49705232129698,0.07785121864557062,8.351080236317962,0.0002502105678734519,0.0002502105678734519,0.8514318167286387,746.8183139534883,18.99781976744186,0.0724267612226365,8.384532109283082,0.00024163187871822602,0.00024163187871822602,0.8238051981387772,506.6392045454547,14.58969155844156,0.10045885870190943,8.233475091335162,0.0002817355635435993,0.0002817355635435993,0.8806774124368612,701.745521023766,18.36636197440585,0.07271603816860077,8.365762920683647,0.00024644980598845624,0.00024644980598845624,0.8329309351795902
rotten_peaches,524.9418999151824,14.868108566581851,0.1034227545230571,8.199153513381424,0.00029144823785773224,0.00029144823785773224,0.8433349254900367,858.8461231015189,18.499200639488407,0.0998600937081401,8.266997129945189,0.0002722042989109911,0.0002722042989109911,0.7449375346047108,653.3731343283582,15.060980810234541,0.10959304447448062,8.174746648609847,0.00029887116352444293,0.00029887116352444293,0.8053255767109426,867.1316639741518,19.035541195476576,0.08931816547866883,8.269592410698863,0.0002712632548719729,0.0002712632548719729,0.7402020679947305
rotten_peaches,1140.211650485437,19.415533980582524,0.10530717081155236,7.456165029002047,0.0006075030634367046,0.0006075030634367046,0.8385184075243394,1414.6198662846227,22.465138490926453,0.09919331671242418,7.4826475320428365,0.0005906720342562413,0.0005906720342562413,0.8002531491377709,626.4654282765738,15.167182662538698,0.11880863221395174,7.38986592834282,0.0006496542454904942,0.0006496542454904942,0.9079802123037546,1337.3695042095414,22.046772684752106,0.10181273483609002,7.486720513122664,0.0005897996168927711,0.0005897996168927711,0.8119508986097718
rotten_peaches,1594.1798469387757,29.503826530612244,0.05307328594769496,7.277985733754235,0.0007109667846730528,0.0007109667846730528,0.7029728407187186,2259.6571072319202,34.741895261845386,0.050288858101528576,7.305064011981677,0.0006910715729379793,0.0006910715729379793,0.5943512800962424,1344.7329113924052,26.140506329113922,0.060013018288267495,7.273930370605525,0.0007162313731773754,0.0007162313731773754,0.7447188115382265,1770.796973518285,31.147540983606557,0.040033831119814664,7.309532812941231,0.0006845840575400453,0.0006845840575400453,0.6642837073821268
rotten_peaches,736.9408071748879,17.129147982062783,0.08077445895289041,8.148024812700585,0.0003066621086287679,0.0003066621086287679,0.7733642725176699,1180.1063922942205,21.17556917688266,0.07407246114986651,8.186778465949278,0.00029472903714563507,0.00029472903714563507,0.6563337708616391,886.2138939670933,17.057586837294334,0.10035143826560293,8.109229189830579,0.00031907044908408504,0.00031907044908408504,0.7417782184041876,1206.22569291685,20.991201055873297,0.07567610450461965,8.17987416087329,0.0002968143602794062,0.0002968143602794062,0.6458229521444022
rotten_peaches,1117.8119793732646,21.59341531138437,0.07790374838271041,8.974550311577453,0.0001340976967609329,0.0001340976967609329,0.8513760148940124,1295.0099769762087,23.89332310053722,0.06691782053956569,9.038549143052927,0.00012545580804436776,0.00012545580804436776,0.8352888034454354,777.5490506329115,18.931566455696203,0.07650899573007917,8.968950998785491,0.0001349208485218715,0.0001349208485218715,0.8993290093472676,1258.7396011396008,23.985185185185188,0.06606920085216626,9.044231385442142,0.0001248005743099127,0.0001248005743099127,0.8386347216216405
rotten_peaches,556.6038700255567,14.33077765607886,0.10394160704300119,8.29621217318521,0.00026479178355027865,0.00026479178355027865,0.8735236446602107,663.4445603058741,16.175877650330207,0.09246385638574535,8.36010561258854,0.00024839530711675515,0.00024839530711675515,0.8493217663925092,344.17171717171715,11.000000000000002,0.13234455326037334,8.153427748876995,0.0003051117232935415,0.0003051117232935415,0.9224273453356989,729.4479717813051,16.154144620811287,0.09769765050330424,8.324365639660208,0.00025742715924961665,0.00025742715924961665,0.8350202144316922
rotten_peaches,696.9304174950298,15.14910536779324,0.09679457005690811,8.267137994409815,0.00027224327988332434,0.00027224327988332434,0.8465301332274682,749.831223628692,16.412734944380514,0.08880903568117836,8.318481881640839,0.0002583702165645619,0.0002583702165645619,0.8325293209839504,403.71770334928226,12.52153110047847,0.1042494981796343,8.240144365770576,0.00027996535488351154,0.00027996535488351154,0.9104437855726132,805.3095599393021,16.189681335356603,0.0976611306610001,8.314047718873777,0.00025976844485482904,0.00025976844485482904,0.8262381211556615
rotten_peaches,1005.7220520673816,20.037519142419605,0.09403223367192987,7.711833763685277,0.0004690332521124085,0.0004690332521124085,0.8525411933132377,1318.2207407407407,22.795555555555552,0.08303101999262473,7.764431385304313,0.0004433470507544581,0.0004433470507544581,0.8124116952572333,671.736143637783,16.19984387197502,0.09597416233384484,7.697577000508025,0.00047533122359397944,0.00047533122359397944,0.8980560615828763,1178.5210526315789,22.13007518796993,0.0794661325227062,7.734944046616058,0.0004579116965345696,0.0004579116965345696,0.830851641050231
rotten_peaches,909.8325820991629,19.81841596909208,0.09895533012348148,7.882198282343959,0.0003957610241938727,0.0003957610241938727,0.8794503739846959,1094.9458281444581,22.090286425902864,0.07599037851509188,7.929631981250872,0.00037646807038983635,0.00037646807038983635,0.8570247852665936,612.107590759076,16.794059405940594,0.09087884625849343,7.866250390104957,0.0004014856931237678,0.0004014856931237678,0.9154988560334438,1183.8566153846155,23.497230769230768,0.07332478738911624,7.938823244878403,0.000373207100591716,0.000373207100591716,0.8457415089014434
rotten_peaches,842.1217008797654,19.133431085043988,0.09198089031661844,8.140283906606353,0.00030660879918282245,0.00030660879918282245,0.8751982201939873,1395.9551548774848,24.66158113730929,0.07272048334764758,8.227552316354384,0.0002794657939211754,0.0002794657939211754,0.7980409587976205,986.6540540540542,19.575921375921375,0.09249451074441081,8.14858532889971,0.0003034126375649717,0.0003034126375649717,0.8521725840528485,1421.1138173302108,25.47728337236534,0.06753945249401447,8.213921828990422,0.00028333397320228816,0.00028333397320228816,0.7955689161263111
rotten_peaches,869.201044386423,20.928851174934728,0.0640541031490129,8.520642605801957,0.00021026627763499648,0.00021026627763499648,0.7769335565235195,1171.8462519936204,23.580861244019136,0.05549045341412055,8.549406203154355,0.00020415690523975592,0.00020415690523975592,0.7085315927395847,915.3928806855637,20.317732366512853,0.06694522016847798,8.492376725235953,0.00021672636509364963,0.00021672636509364963,0.7654531663521152,1150.592258064516,23.027741935483867,0.06138118525830835,8.538894148070488,0.0002062955254942768,0.0002062955254942768,0.7126351547846912
rotten_peaches,549.1957996768982,13.942810985460422,0.0955620597432395,8.431931613217587,0.00023118219234212253,0.00023118219234212253,0.8925571914452695,1090.81826712543,17.984360337816703,0.08843792503156689,8.477791060111848,0.00022077508737322062,0.00022077508737322062,0.7999794431800005,952.6657903384818,15.690437068682222,0.10925284498842222,8.410793405664041,0.0002361269606016254,0.0002361269606016254,0.8229670355992187,1099.8738461538462,18.310153846153845,0.08491159672982274,8.501658755493079,0.00021552662721893492,0.00021552662721893492,0.799860266615808
rotten_peaches,869.8651399491094,17.183206106870227,0.10166594420614046,7.575085886439621,0.000540631535328814,0.000540631535328814,0.8386819645948947,2023.9758648431211,26.619469026548668,0.06956582560922389,7.676231936557553,0.00048477426929501905,0.00048477426929501905,0.6674628893560643,1696.0732510288065,22.804115226337448,0.0926591007734589,7.598826966545968,0.0005283747396230249,0.0005283747396230249,0.7062814939341361,2008.9868959868961,25.773136773136777,0.08805802255631295,7.6314015983177725,0.0005094439983874873,0.0005094439983874873,0.6686623871694347
rotten_peaches,584.348623853211,17.327896704043493,0.07331943783615752,8.361667934468715,0.0002480011832011758,0.0002480011832011758,0.7893003930565926,776.9518752074346,19.305011616329242,0.06668003142779723,8.37992526790518,0.00024349623806298388,0.00024349623806298388,0.7291578401230072,626.670859538784,16.67295597484277,0.07524405691233331,8.32837320091771,0.00025637757531274397,0.00025637757531274397,0.7836516309787761,816.6546252532073,19.495273463875762,0.06837808536229135,8.376465635407108,0.0002443738171691756,0.0002443738171691756,0.7162477665507556
rotten_peaches,1072.5918747670516,21.41632500931793,0.07559577764459584,8.415778387954289,0.00023261826197136642,0.00023261826197136642,0.8561734407128959,1294.5962458594036,24.811188811188813,0.05650340328744799,8.452464148571213,0.000223310772872015,0.000223310772872015,0.8295349896898052,856.5872775463839,19.882241575160922,0.07094076218412283,8.409074708863237,0.00023383911496124453,0.00023383911496124453,0.8816380882427581,1373.6364301389904,24.91367959034382,0.056255711988518996,8.461903369716653,0.00022107745055490778,0.00022107745055490778,0.8178145161259128
rotten_peaches,965.6947662804635,20.002397123451857,0.08015867801729211,8.330359337513013,0.00025395015394231676,0.00025395015394231676,0.8546781828231761,1557.751756440281,26.055425448868075,0.07068811711220466,8.392076927321993,0.0002372847374191099,0.0002372847374191099,0.7718154760280431,1036.3076295389637,20.7890656874745,0.07916212982218507,8.334787536416918,0.0002518560022878446,0.0002518560022878446,0.844574245086462,1406.4593114241002,25.35524256651017,0.06750898229562236,8.395347109955127,0.00023625713592981992,0.00023625713592981992,0.7966494226249438
rotten_peaches,497.7079801227711,15.098801520023386,0.08492584693248773,8.558317692970137,0.00020361880952464364,0.00020361880952464364,0.9196769189698463,721.1600901916572,18.72040586245772,0.07043801923999261,8.653168905642826,0.00018445693716961394,0.00018445693716961394,0.8848682280107766,452.22668997668995,15.362470862470863,0.07320197705697813,8.582194086925883,0.00019862252161203207,0.00019862252161203207,0.9222179206426326,627.5454545454546,17.220005699629525,0.06965947957788081,8.618797559838502,0.00019130061761146543,0.00019130061761146543,0.8986247275892972
rotten_peaches,641.7271391847228,14.281674623576937,0.1098332941014003,8.310410098396092,0.00026103448959496694,0.00026103448959496694,0.873212625874637,689.4056042031524,15.955516637478109,0.09302828507903442,8.392623685699604,0.00024015384568198484,0.00024015384568198484,0.8613322110582777,338.2310999641705,11.488713722680043,0.11159816266484118,8.323569342858425,0.0002576485481241144,0.0002576485481241144,0.9322385109664346,730.0704032809298,15.738892686261106,0.0948488318228814,8.407797912751603,0.00023664143892945566,0.00023664143892945566,0.8566461928834379
rotten_peaches,1046.4473125884017,20.513790664780764,0.07316520775787795,8.471107037220355,0.0002200039411902395,0.0002200039411902395,0.837035450132901,1514.675749318801,26.62874659400545,0.055079599423859135,8.550464372234961,0.00020162188448945347,0.00020162188448945347,0.7647747057151334,1294.4337818696881,22.816218130311615,0.08777727853571324,8.474606137892923,0.00021906022036931525,0.00021906022036931525,0.7985402595656435,1627.079580088046,26.087368777514396,0.06485819899866593,8.544061829851055,0.00020343549105302408,0.00020343549105302408,0.752726953175639
rotten_peaches,590.2900934579438,15.046728971962617,0.10271339501139137,8.32236283282193,0.0002576993623897283,0.0002576993623897283,0.8938907057205236,1218.8406573776347,19.510182207931404,0.09223048221052269,8.389952892603748,0.00024054168276553623,0.00024054168276553623,0.7932636919018126,1127.3451699121804,18.423444062619318,0.10042827677081874,8.327352744716368,0.0002560079869826645,0.0002560079869826645,0.8046674674293126,1287.4567206192821,20.70161857846587,0.08039460268783784,8.420783975038347,0.00023294643878566252,0.00023294643878566252,0.7818002115473005
rotten_peaches,578.6241422333126,17.491890205864003,0.077901004113488,8.519887371035363,0.00021131619635516533,0.00021131619635516533,0.8194844129490925,898.3358959195742,21.988172678888233,0.060495481209999986,8.599456367398478,0.00019474687889165903,0.00019474687889165903,0.7247880405542344,729.8794587945879,19.60024600246003,0.06848279484586661,8.558288821288254,0.0002029690499857028,0.0002029690499857028,0.7710078097007121,813.065809153455,21.13819922225546,0.057961609917708934,8.588817006952734,0.00019681183616271412,0.00019681183616271412,0.7513174503940261
rotten_peaches,564.3678908027299,14.824179395515113,0.09930922475454564,8.412411946705308,0.0002357432126920259,0.0002357432126920259,0.8648448230429557,1000.172873145625,18.283681501665153,0.08882842404987379,8.501728398574263,0.00021558580906411834,0.00021558580906411834,0.7778995220855581,831.4187301587301,16.115873015873014,0.09560791209837255,8.435398470869703,0.0002303854875283447,0.0002303854875283447,0.8108021769925946,1020.6314074074074,18.97037037037037,0.07935225118619554,8.543119565778417,0.00020674897119341565,0.00020674897119341565,0.7677258756992765
rotten_peaches,938.0609756097562,18.51490514905149,0.1129852940906314,8.44576173934038,0.00022744214569516967,0.00022744214569516967,0.8452321048420433,906.809107922645,19.09170305676856,0.0933243833271645,8.538048432534751,0.00020722997156376706,0.00020722997156376706,0.8501641699630317,558.5063497232172,14.729078476066428,0.1147021858445644,8.461988038764591,0.00022410039358327472,0.00022410039358327472,0.9083274340762875,1066.2439862542954,19.682286785379567,0.10577067361813758,8.536781313541834,0.0002074874875578264,0.0002074874875578264,0.8268368227564413
rotten_peaches,846.1206279261911,17.524648857064168,0.10387855207618807,8.597765377697666,0.00019584105503565982,0.00019584105503565982,0.8395248269245958,968.7275518035303,18.649270913277054,0.09188527123557733,8.679052128639828,0.0001805267848150175,0.0001805267848150175,0.806176311424568,696.4819499341238,16.71857707509881,0.10122032999814694,8.626825869271492,0.00019025102372756606,0.00019025102372756606,0.8630725409045794,975.2377028714106,20.06916354556804,0.08598562062316974,8.714994717893934,0.00017409573862883632,0.00017409573862883632,0.8078147920080295
rotten_peaches,812.7789732554563,17.988318475253614,0.08596387124845248,8.53139032711489,0.00020893953123645993,0.00020893953123645993,0.8701700912641579,1137.7517159057,21.552372426141453,0.07674694365588944,8.558841117780894,0.0002033092114033759,0.0002033092114033759,0.8157642485262955,683.8056099151988,16.500978473581213,0.10883698496140186,8.439360214499777,0.00022940620546711208,0.00022940620546711208,0.8893010392676408,956.3858775271024,19.99619103428069,0.08041816543784655,8.568335460173568,0.0002014839762721069,0.0002014839762721069,0.8467454304987126
rotten_peaches,1021.8397068196304,20.107393244104525,0.09604753274499685,8.499523096886389,0.00021564847278025768,0.00021564847278025768,0.8253102285804818,1194.288597053171,22.024023062139655,0.08732205452578991,8.513359680158697,0.00021237556536017052,0.00021237556536017052,0.7889404255014915,638.2094705688918,16.14370272936534,0.10778471080989704,8.44686199980784,0.0002275705660694827,0.0002275705660694827,0.8889802495858683,1127.719988172679,21.212596096984033,0.08858007128862275,8.56789378141201,0.00020147886976692626,0.00020147886976692626,0.8044005754648836
rotten_peaches,1042.679245283019,21.589732338745065,0.06289425011495693,8.87218904578367,0.0001485653873501326,0.0001485653873501326,0.8267461463619399,1567.6567573265868,27.12080961416825,0.054331812050517805,8.949905820336813,0.00013700183530005648,0.00013700183530005648,0.7479582887824098,1272.9094061551798,23.82314694408323,0.06037019745679677,8.90661013392463,0.00014328998887500378,0.00014328998887500378,0.7904019969084958,1465.353223450866,26.024619236386396,0.0536608974235083,8.954749551109954,0.00013642191266742754,0.00013642191266742754,0.7632060947741982
rotten_peaches,959.2168560606061,18.71875,0.10854756043907576,8.772237167290873,0.0001643857789543159,0.0001643857789543159,0.875432873709892,1106.7082239720037,20.839457567804025,0.08399718480856172,8.874643445800686,0.00014820708653762987,0.00014820708653762987,0.8612890558598963,544.6995874787673,14.601067702014076,0.11350539993338134,8.72180944951519,0.00017300018295152093,0.00017300018295152093,0.9316189815394655,1008.156256707448,20.324533161622668,0.07951688258867058,8.892735204862358,0.00014555694731861252,0.00014555694731861252,0.8710770570540685
rotten_peaches,300.76352107422605,11.275270421484523,0.11989773872810103,8.290804863025038,0.00026621641982809395,0.00026621641982809395,0.9335610983023844,815.2675159235669,18.257123700972176,0.08446183831989125,8.464719286552365,0.00022302040313592876,0.00022302040313592876,0.8239780199280106,736.9900956284152,16.97096994535519,0.09119971135313776,8.421920319575868,0.00023316891367314638,0.00023316891367314638,0.8403910952133865,807.7957347550816,18.36354548483839,0.08187425406706801,8.4758051185884,0.00022046411054140456,0.00022046411054140456,0.8283171514334043
rotten_peaches,989.125670840787,19.848389982110916,0.07209611583290175,8.219594454756237,0.00028361724392843085,0.00028361724392843085,0.8089236912820233,1347.7658366098733,23.742245522062035,0.058483927357346505,8.275489488042483,0.0002668182835797395,0.0002668182835797395,0.7431618517592897,937.6010733452594,19.605545617173522,0.06126850362940483,8.24346401329967,0.00027591677573996496,0.00027591677573996496,0.8173245026552841,1391.684026258206,23.889715536105033,0.06513409650435902,8.264067966102147,0.0002703388572605088,0.0002703388572605088,0.731042040400007
rotten_peaches,3424.468099861304,31.739944521497918,0.06258088911591662,7.870315895566734,0.0003950727241598873,0.0003950727241598873,0.700642959795049,3971.8816326530614,34.817687074829934,0.05834477091628711,7.906948039697304,0.00037900874635568506,0.00037900874635568506,0.6568045803794161,2102.4427374301677,23.540502793296092,0.07686657678244348,7.85058118813183,0.00040426718891420365,0.00040426718891420365,0.8142817304197753,4038.974812797821,35.41320626276378,0.06264532942948371,7.897720316172796,0.000383463834610542,0.000383463834610542,0.649508816709849
rotten_peaches,960.9052044609665,20.803903345724905,0.08635324985812501,8.836752711351899,0.00015366206416439796,0.00015366206416439796,0.8567435007906422,1004.9494576505886,21.664435725825065,0.07234647524821053,8.86080214466719,0.00014974788932174248,0.00014974788932174248,0.8503873918000819,714.6301832208293,18.332690453230473,0.07892285800524634,8.803118641144039,0.00015886988559275935,0.00015886988559275935,0.8915702970111132,1083.3976555455365,22.473399458972047,0.0692566059874334,8.881273828861058,0.00014676216642097893,0.00014676216642097893,0.8401309216903973
rotten_peaches,1342.3079710144925,20.580917874396135,0.08377767021357005,7.255616225325989,0.000740244813181171,0.000740244813181171,0.800483957524303,1340.561904761905,21.190476190476193,0.07878814999242698,7.286269285855412,0.0007157029478458051,0.0007157029478458051,0.8026283415589576,633.5378881987577,14.203726708074536,0.11343156026284504,7.229000026300508,0.0007600015431503413,0.0007600015431503413,0.9039168989219178,1642.5948275862067,24.213054187192117,0.08251800361328995,7.249237759226464,0.0007431629013079669,0.0007431629013079669,0.7550728559363024
rotten_peaches,2865.60207506866,34.06713457430577,0.04926249811140336,8.622211591425854,0.0001890354063316059,0.0001890354063316059,0.4070410085854177,3053.7536275695284,35.886033857315596,0.04359435321312473,8.648265690942306,0.00018363565516303594,0.00018363565516303594,0.37223056133102245,1934.6323575700344,27.153604028958135,0.05782158052972412,8.575535028224076,0.0001985469808821252,0.0001985469808821252,0.5966433688667231,3137.205855719891,36.35345608210081,0.04613116931837538,8.651674642644434,0.0001829451231139592,0.0001829451231139592,0.35088933105199566
rotten_peaches,428.48469167744724,13.311772315653297,0.10033039349360429,8.190365414740242,0.00029389554500469623,0.00029389554500469623,0.9053957291833109,462.03217821782175,14.333333333333334,0.09114766873683751,8.255844371176826,0.0002748573124639197,0.0002748573124639197,0.8996494437755171,340.161178509532,11.296360485268629,0.11557404865274862,8.152576907334023,0.0003056207179308501,0.0003056207179308501,0.9268239228921928,543.1846349745331,13.85611205432937,0.10240659286819234,8.201615096185535,0.00029068217259837256,0.00029068217259837256,0.8833180997212138
rotten_peaches,365.9569088319089,12.801638176638178,0.10713492686896212,8.345797856904959,0.0002519383974156054,0.0002519383974156054,0.9505428751039094,542.0623735670937,16.044167228590695,0.09115144246385033,8.446239652725271,0.00022740303798182048,0.00022740303798182048,0.9255864265317968,418.61730566303197,13.689412592332044,0.10724749987500058,8.359287463805057,0.00024855712526920316,0.00024855712526920316,0.9414021278676044,559.578284547311,15.456432947583389,0.095589553685873,8.410620918806327,0.00023598665592195595,0.00023598665592195595,0.9251201187921325
rotten_peaches,945.6772908366531,19.755644090305445,0.09472084241510134,7.861236291110073,0.00040343274974471305,0.00040343274974471305,0.8792428532765837,1108.455671447197,21.58083441981747,0.08662769864771841,7.882831658366636,0.00039457647516781715,0.00039457647516781715,0.8605024923444398,560.6150104239055,15.49061848505907,0.1057291471857048,7.7909619839155955,0.000434631222651434,0.000434631222651434,0.9268667099507915,1185.6981505944518,22.786657859973584,0.07875574887114317,7.880141389031749,0.00039481789515381755,0.00039481789515381755,0.8510316339467032
rotten_peaches,955.192218350755,20.921602787456443,0.08511383735358426,8.013165880145447,0.00034532948614702673,0.00034532948614702673,0.8728616711658282,1031.5793143521207,21.263219058686808,0.08448332264541478,7.987134965012148,0.0003561973785898702,0.0003561973785898702,0.8641785004438423,485.08722358722355,14.957002457002456,0.09241189745091188,7.93497893780942,0.00037503999420461336,0.00037503999420461336,0.9336559237765399,1155.4870466321245,23.251007484168106,0.0773743831973488,8.016986420853474,0.00034436254647982935,0.00034436254647982935,0.8493011594148613
rotten_peaches,1231.9273291925467,24.0639751552795,0.07683172558961258,7.948839831204999,0.00036804135642915013,0.00036804135642915013,0.8346585436438668,1591.7124384236456,27.363916256157637,0.0741687218145125,7.955189382777046,0.00036589397947050405,0.00036589397947050405,0.7865462699541391,776.5085301837271,18.234251968503937,0.10252817094598274,7.847589658712693,0.00041075082150164295,0.00041075082150164295,0.8929515948516166,1060.513174404015,22.250941028858215,0.07821935536636149,7.921040223932602,0.000379796256035415,0.000379796256035415,0.8581362252241305
rotten_peaches,1382.354362416107,24.859731543624157,0.05370205056654678,8.498372389942578,0.00021485518670330162,0.00021485518670330162,0.73826540527087,1506.6052718286655,26.60065897858319,0.04790751885544835,8.523381764639947,0.00020936411823617378,0.00020936411823617378,0.7209707739435115,1010.8371699390657,22.165538253215974,0.054923683696136046,8.482266240373832,0.00021853938224062117,0.00021853938224062117,0.8007794979692621,1578.9084858569051,26.08585690515807,0.04866489375419884,8.511804375203225,0.00021184880440530346,0.00021184880440530346,0.7098408195407399
rotten_peaches,995.1650339110777,21.544837980406932,0.06973943121597213,7.79554750011097,0.00042477578596297755,0.00042477578596297755,0.8561085915464094,1191.594410876133,23.884441087613293,0.0677625267600036,7.7951782820173285,0.0004247063279816722,0.0004247063279816722,0.824774499466386,595.9627618308767,16.887509697439874,0.0860303197879913,7.730013445803316,0.00045771314355942536,0.00045771314355942536,0.9101326494338651,1174.4147640791475,23.840943683409435,0.06031730255866169,7.7779716924949795,0.00043322236354074713,0.00043322236354074713,0.8294528772878318
rotten_peaches,935.5785714285714,21.847857142857137,0.0645114020630985,8.439906402069258,0.0002276785714285714,0.0002276785714285714,0.7714703397208318,895.5088479595522,21.10220296135789,0.0618491805445031,8.430644401043223,0.00022974006310645865,0.00022974006310645865,0.779847368422312,780.0162019593067,18.139788997739263,0.0776423682185392,8.361243352821159,0.00024702869905600963,0.00024702869905600963,0.8039936910942423,1307.8918629550321,23.762669521770164,0.05813776239983784,8.445209255143878,0.00022633471248486225,0.00022633471248486225,0.6890333894126401
rotten_peaches,858.506431956669,20.855111712931613,0.06439121750662344,8.483204828296051,0.00021831018519579616,0.00021831018519579616,0.7885388808388706,1237.672648720505,23.444001329345298,0.05841256523651013,8.519606016124985,0.0002100157928783716,0.0002100157928783716,0.7033176099415338,879.3815607734805,19.105317679558013,0.07250680277830354,8.444752283315044,0.00022732107154848754,0.00022732107154848754,0.7823607081398476,1119.7044004030902,22.222371514947934,0.06412373610214842,8.49763488400535,0.00021500634863931052,0.00021500634863931052,0.7279249350484996
rotten_peaches,617.1029629629629,14.797037037037036,0.09165355025087657,8.329988140405632,0.000255761316872428,0.000255761316872428,0.8868960116134048,1296.7926873857405,18.38098720292505,0.08593455891492599,8.367283536070612,0.00024604874853363374,0.00024604874853363374,0.7686872168997637,920.978252575353,14.552460892789012,0.10937016776237342,8.265884111906178,0.000272940026997044,0.000272940026997044,0.8360548218718987,651.7192405987587,15.531580868930266,0.08907135597857081,8.350368250819319,0.0002505291503562793,0.0002505291503562793,0.8828619158591602
rotten_peaches,1638.0814676616915,18.588930348258707,0.09367629584250399,8.481953732343303,0.0002198661543031113,0.0002198661543031113,0.7236291862934735,730.4236559139786,15.61505376344086,0.0889400753925185,8.480837431181257,0.00022015049516164426,0.00022015049516164426,0.8661393231958406,1392.0797785737545,16.591012699446438,0.11454402042883864,8.408946818500315,0.00023655925151846977,0.00023655925151846977,0.7586379316951435,2407.4491238856444,22.189978481401784,0.09035079382500914,8.501559215747417,0.00021555453222540255,0.00021555453222540255,0.5911617202158295
rotten_peaches,580.7887212073074,15.528991262907068,0.1002264652518145,7.648436367149247,0.0005018670970127078,0.0005018670970127078,0.8496770472506858,955.1353032659408,19.690513219284604,0.08472010056091958,7.677265808777429,0.0004870612820444601,0.0004870612820444601,0.7652662419603771,706.6535122336227,16.52249408050513,0.09685138070151372,7.643341851726561,0.0005052049817820966,0.0005052049817820966,0.8212848550958608,1033.1742133537991,20.369915579432078,0.07283510380207692,7.726729536559581,0.0004605936238999793,0.0004605936238999793,0.7441873298127099
rotten_peaches,913.715173025732,17.031943212067436,0.09665153359750704,7.516269268738228,0.0005743511092180401,0.0005743511092180401,0.787432241934576,2231.297089041096,25.321061643835616,0.07131038572941856,7.622076112093198,0.0005109131638206041,0.0005109131638206041,0.5291753543094385,1656.1133567662564,20.691564147627414,0.0982189943154362,7.554756176615937,0.0005505604442783411,0.0005505604442783411,0.6297202789758842,1583.857506361323,22.245971162001695,0.09347603589398115,7.593311130372918,0.0005294807850991445,0.0005294807850991445,0.657647798688654
rotten_peaches,360.6327936617293,12.847743713399932,0.10518029051855815,8.37558740875868,0.0002445591521664607,0.0002445591521664607,0.9504792269625818,544.4501490559787,16.040079496522026,0.09271852881021163,8.461539074123763,0.0002239871780369463,0.0002239871780369463,0.9250355225925537,368.5402743580724,12.664087231797398,0.10807709022820843,8.354411296513042,0.0002497943434138981,0.0002497943434138981,0.9491270996944764,490.28896434634987,14.238030560271648,0.10032069453218473,8.401163399672535,0.00023832515183572057,0.00023832515183572057,0.9352224177400121
rotten_peaches,528.396871589669,17.018188432157146,0.06509521471045497,8.281073008821515,0.0002687574078658981,0.0002687574078658981,0.7609745491965066,594.5756496974013,17.914204343182632,0.06350115399988034,8.308502106283624,0.0002615176438546649,0.0002615176438546649,0.7324247980498726,445.07804331590745,15.513442867811799,0.07392821275729658,8.243281568998754,0.00027901396659417796,0.00027901396659417796,0.7986974330904765,632.6883303411131,18.19569120287253,0.06752000493949102,8.302594230226287,0.00026307901073009096,0.00026307901073009096,0.7174625767455405
rotten_peaches,875.5666309396213,19.640943193997856,0.06629534255363362,8.341910537109419,0.0002529229739452959,0.0002529229739452959,0.7415591256334066,933.3913811374073,20.290003532320732,0.06521766151413194,8.362657637463515,0.0002476742019930973,0.0002476742019930973,0.7249722817476149,1164.0612318840579,20.380072463768116,0.0711672622103405,8.313509098483195,0.0002602525729888678,0.0002602525729888678,0.6645007047740722,1693.9964739069112,24.852609308885754,0.06317027323695341,8.367846831085357,0.0002463664829185905,0.0002463664829185905,0.5202647815522183
rotten_peaches,555.443590974556,17.038406144983195,0.06830409342870433,8.72487728154561,0.00017248078943711168,0.00017248078943711168,0.8587225219532713,792.7283491989784,20.483631297887165,0.06374101320675757,8.79238256305192,0.00016110295877969078,0.00016110295877969078,0.7999881256167155,577.8528971028971,17.106643356643357,0.0727797534154476,8.686112946849926,0.0001792974757510222,0.0001792974757510222,0.8538265018589993,748.6178579690031,19.78325237103863,0.05903586743197828,8.777844558125492,0.00016355127309670116,0.00016355127309670116,0.810400329847195
rotten_peaches,1022.7228007181329,20.597845601436266,0.06834792916740556,8.451676873370062,0.0002244648653178576,0.0002244648653178576,0.8557019186339888,1208.6787985865726,23.43639575971731,0.062087727983579116,8.474382976864606,0.00021919364706763728,0.00021919364706763728,0.8306558979891747,781.1645101663586,19.029205175600737,0.07787388905944738,8.404075633119861,0.00023602488716384053,0.00023602488716384053,0.8869688438254801,1302.7786096256684,24.007130124777184,0.05524483082723537,8.473907658859371,0.00021898761124932876,0.00021898761124932876,0.8177450542534358
rotten_peaches,1124.6933281310962,22.82286383144752,0.061840814326533315,8.39874575058505,0.00023542507203185158,0.00023542507203185158,0.8536650686503705,1219.7561451424112,24.207179087007415,0.0586119909555965,8.396852644746613,0.00023595788014831552,0.00023595788014831552,0.8398059423197397,714.3125,18.338306451612905,0.07373594746598892,8.332799781439405,0.0002529103798126951,0.0002529103798126951,0.9038671528711758,1223.8677685950413,23.16961826052735,0.06107394586305818,8.383973877006103,0.00023920958771232465,0.00023920958771232465,0.8403628483874113
rotten_peaches,1147.0279931093885,22.659345391903532,0.07095047108347456,8.28213432408291,0.00026540872944334277,0.00026540872944334277,0.8276406913411748,1675.5660299003325,28.02533222591362,0.05874839547829286,8.345847891074882,0.0002477380216553901,0.0002477380216553901,0.7524577960999747,1171.2654049295775,21.30237676056338,0.09303497684672904,8.253767648205578,0.00027334451249752035,0.00027334451249752035,0.8242681121390047,1471.551314673452,25.244274809160302,0.07157469320618118,8.295570932899517,0.0002619527049921549,0.0002619527049921549,0.7811155884834209
rotten_peaches,1191.1,22.41828793774319,0.07999236138353638,8.368959346104823,0.00024390982452421689,0.00024390982452421689,0.8208585661468261,1104.0185185185185,21.272261623325456,0.07972358708035288,8.344926990432338,0.0002502544460527795,0.0002502544460527795,0.8320832341955289,1205.2819698173153,22.008737092930897,0.08160600292463273,8.355622668522756,0.00024691167202180837,0.00024691167202180837,0.8168289069975426,1727.746301775148,28.120562130177518,0.06700802949261678,8.444393184094706,0.00022525800042015335,0.00022525800042015335,0.7476036437017575
rotten_peaches,1110.4358889623263,21.58393919365499,0.07621603071364808,8.531764917925049,0.0002072804585419425,0.0002072804585419425,0.8291028857232418,1682.5874282067643,27.76419910657307,0.061301775810553016,8.592153406180937,0.0001943095652230574,0.0001943095652230574,0.7489857627616385,1001.9502385821405,20.790047716428084,0.08074175457441843,8.501974249019014,0.00021351347458213853,0.00021351347458213853,0.8440132157392054,990.6040157998682,20.939104674127716,0.06700018719224553,8.535734921459955,0.0002064588072694303,0.0002064588072694303,0.8469552592631467
rotten_peaches,1104.9799635701274,22.581420765027328,0.06513963006311824,8.467003845709911,0.00021990637058271205,0.00021990637058271205,0.8313140351262088,1597.7828086310574,28.253272019808982,0.05465180536595313,8.509433201416448,0.00021021207770989956,0.00021021207770989956,0.7605419348834479,1043.608516996638,20.602166604407923,0.08564873833890554,8.417296770825175,0.00023212721604045811,0.00023212721604045811,0.841964020212991,1083.7628299120236,21.585410557184748,0.06691607181763601,8.438044732050145,0.00022729153946044497,0.00022729153946044497,0.8335630919787126
rotten_peaches,510.1914132379248,15.803220035778175,0.07891540391833966,8.563267372349369,0.00020236785952141445,0.00020236785952141445,0.9115966525088589,695.1100464576075,18.98170731707317,0.06072494278409564,8.622386703477318,0.00019024316052020652,0.00019024316052020652,0.8786074461108082,451.6230652503794,14.998482549317147,0.07905483183098072,8.54381771516147,0.00020636408224168222,0.00020636408224168222,0.92055304805917,639.3498379015621,16.942528735632184,0.08061435879474114,8.56889198269889,0.00020130382336547157,0.00020130382336547157,0.8932278491350247
rotten_peaches,559.5412785094765,16.588499839383232,0.07739806033289463,8.507592691311347,0.00021365693475925397,0.00021365693475925397,0.9032279644524946,703.287341772152,18.8746835443038,0.06323970566408248,8.547259289324035,0.00020484497676654385,0.00020484497676654385,0.8780189708639556,395.5929466051416,13.855306526038232,0.08788759015809171,8.445999375976342,0.0002277527941949055,0.0002277527941949055,0.9304134926654524,688.6431347150259,17.680051813471504,0.07539800374691284,8.510919738737451,0.0002127259288839969,0.0002127259288839969,0.8854507650493642
rotten_peaches,573.8851113716296,13.629542790152403,0.10998783502707996,7.9388111839864495,0.0003760604940290733,0.0003760604940290733,0.9255573299066908,811.7386495925495,15.751455180442376,0.11618037861838536,7.942753209066537,0.0003747216692122442,0.0003747216692122442,0.8948752184105506,231.58883248730965,8.914974619289339,0.1558089092487122,7.794103001464339,0.00043703619005900686,0.00043703619005900686,0.9699863343455312,519.5297619047619,13.954761904761908,0.08561208760399232,7.942283581742503,0.000373795351473923,0.000373795351473923,0.9330033292133125
rotten_peaches,1220.7135262847016,20.884229178972237,0.09148288744333999,8.59618986791525,0.00019546452523838646,0.00019546452523838646,0.8390406593643944,1397.469626168224,22.485981308411212,0.08540242302141737,8.618544867258018,0.00019093677668355314,0.00019093677668355314,0.820539349317375,569.323418910457,15.152473387601752,0.10935274777600276,8.511089694085104,0.00021325011008038318,0.00021325011008038318,0.9251220660638576,1342.2691970802923,23.07386861313869,0.08271650883969439,8.627601405018156,0.00018903511108743146,0.00018903511108743146,0.8262557340156391
